"","logFC","AveExpr","t","P.Value","adj.P.Val","B"
"NT5E",2.42378666571065,3.47135159749319,32.3217900559433,1.84468425969413e-124,3.40307352228373e-120,266.726263855456
"GALNT10",0.695412474926527,3.61241069383997,9.93981720946273,2.31558043570467e-21,2.13589139389399e-17,37.6801879594548
"MET",1.29685622068148,4.58759385951434,9.68585032464955,1.9102645682313e-20,8.81014018868274e-17,35.6305471203977
"ITGA3",0.890896021896285,5.46225854543636,9.49810111862327,8.88071436941596e-20,2.81662932839182e-16,34.1384417075298
"EPHA2",0.912726775775969,3.87976160694697,9.40950675953979,1.82098129384757e-19,4.79906612984287e-16,33.4413208797794
"AXL",0.692721343650287,3.40811743422316,9.36189278687037,2.67357150682672e-19,6.16525589474242e-16,33.0685303691759
"KCNN4",1.13490223953345,3.59368025945576,9.18908391788471,1.0655278736724e-18,2.18409535705649e-15,31.7266381286437
"ANKRD22",0.941855736179675,3.11618658770763,8.83485083073306,1.71456860798333e-17,2.6358634733397e-14,29.0315439005919
"DCBLD2",0.862777518797575,3.17071834651308,8.8235244511358,1.87148330989886e-17,2.65577877700108e-14,28.9466270725599
"SH3RF2",0.686141951811423,1.24950277873775,8.79624262445445,2.31020151848356e-17,3.04418554378462e-14,28.7424123863165
"LAMC2",1.1212701937888,4.77513094985848,8.78368905125558,2.54489079824135e-17,3.12987636306376e-14,28.6485984365274
"ISM1",0.707895045663085,1.87284198509395,8.64955148267444,7.11198245724346e-17,8.20011577320171e-14,27.6522830150113
"ANXA1",1.01599675187811,5.79179317534212,8.56960071692237,1.30520844880132e-16,1.33769363686038e-13,27.063797476894
"CABYR",-0.919610375743132,1.58311160014174,-8.55384440002448,1.47041279867885e-16,1.42769343736987e-13,26.9482969909796
"ENO3",-0.847315304574598,1.45144864918845,-8.52799347654678,1.78735575430907e-16,1.57014947407113e-13,26.7591392896715
"MT1E",1.02521858035276,4.51567767875846,8.50647985955053,2.10193237275388e-16,1.76256583693471e-13,26.6020420578595
"SEMA3C",0.768841140142759,3.18243189988377,8.49462070313073,2.29813454017783e-16,1.76649941655002e-13,26.5155696782021
"DUSP6",0.836892396509652,5.03539598380742,8.48423355785512,2.48478865375666e-16,1.83357524338012e-13,26.4399042087161
"FLNA",0.720987995065174,6.50793491235811,8.46261129656693,2.92273845459698e-16,2.07379534655404e-13,26.2826168999421
"CX3CL1",1.02169821959168,3.54690572621112,8.35993561780101,6.29200304131436e-16,3.9590220323488e-13,25.5398090537356
"AREG",1.37069151143946,3.87833275477036,8.35684710087519,6.43813209943972e-16,3.9590220323488e-13,25.5175702458395
"ITGA2",0.945442818117457,3.40211302745401,8.3464313102335,6.95610963343085e-16,4.13955840379137e-13,25.4426169689618
"ITGB4",1.02386426754404,4.62597838995963,8.33676888479141,7.4733431854457e-16,4.30838234640945e-13,25.3731477028882
"EMP1",0.659079784802942,3.97582842008989,8.26144730020007,1.30443916900988e-15,7.07773346761595e-13,24.8336888739678
"CD44",0.654857637259004,4.9036570529031,8.21174538302846,1.88005224839942e-15,9.9094868224207e-13,24.4797438502784
"DPYD",0.676721009173971,3.14652081391533,8.14169102079328,3.13851906126747e-15,1.56375957058904e-12,23.9836118385935
"FOXQ1",1.13706481046822,3.04341783284411,8.10652247167076,4.05434903201293e-15,1.9178110498096e-12,23.7357638279828
"CDC42EP1",0.780618430535744,5.35907392818503,8.06818404094927,5.35469239205831e-15,2.40935037191931e-12,23.4665090968273
"PHLDA1",0.69685986259976,3.3512340158964,8.05962762986792,5.69691710214098e-15,2.44410992326272e-12,23.4065497123493
"EFNB2",0.651685667326245,3.39469180438381,8.00925802300997,8.19589002857516e-15,3.35995064993677e-12,23.0545708740989
"HPGD",1.20558336270708,3.41431462475469,7.94125856331336,1.3355785016023e-14,5.02831677501209e-12,22.5820866754921
"FAS",0.599480682875887,2.78099386072404,7.93024973781024,1.44502832007855e-14,5.33157648976181e-12,22.5058854379012
"TNFRSF12A",0.783159927338437,5.26295198559158,7.91014238165389,1.66825719681046e-14,5.91635006773444e-12,22.3669163800604
"GPR87",1.14077870613008,1.8734176464362,7.89015444726683,1.92380804888752e-14,6.45280197925034e-12,22.2290429858231
"TXNIP",0.675900789851058,7.39135717503568,7.86043123436793,2.37679563545998e-14,7.69247822508171e-12,22.0245167310973
"THPO",-0.635707107518498,0.857577621697695,-7.83198410640737,2.9082786300908e-14,9.09354646913815e-12,21.8293319750114
"WNT7B",0.693308688573061,2.79607664430381,7.78992667632557,3.91539232366772e-14,1.18411733749216e-11,21.5417705632546
"ROS1",0.975974428615184,2.82578700381741,7.66928098455958,9.12663298466877e-14,2.59027885078722e-11,20.7235859066711
"TNC",1.10530071002169,4.28722602319704,7.6537332239645,1.01709018617544e-13,2.84292117493402e-11,20.6188735164672
"SLC16A14",-0.990495325725588,2.19285094061886,-7.64542197081924,1.07765646086604e-13,2.96725468508309e-11,20.5629666634556
"SRPX2",0.834067437657529,3.24547342563873,7.64221116011672,1.10199470881943e-13,2.98964682180896e-11,20.5413814660169
"MPZL2",0.715231547562843,4.9846593721993,7.62624654424122,1.23128693846903e-13,3.29199731027197e-11,20.4341626428651
"TGFBI",0.831380084688623,4.74522609796046,7.5453696420031,2.15407115435879e-13,5.16081878644297e-11,19.8937088618785
"HLA-DQB2",1.07418349167039,4.37955010058884,7.52489021999073,2.48000954821257e-13,5.79129318296526e-11,19.757579531349
"LTBP2",0.690691351480168,4.41082721377292,7.42941725744434,4.76485638087095e-13,1.04645322040842e-10,19.1268366913526
"AMIGO2",0.802117479688531,3.82843531602352,7.41681340380169,5.1913612385997e-13,1.11905861390815e-10,19.044048274383
"EHD2",0.611534429861415,5.11459175577339,7.41609497857433,5.21677367715206e-13,1.11905861390815e-10,19.0393326747891
"ADAM8",0.685822463617148,3.61232071686234,7.38625890640658,6.38758537241262e-13,1.33907016988941e-10,18.8438167029373
"SGPP2",0.752563646626291,4.35365448617328,7.38260028767743,6.54788223024057e-13,1.3572509144211e-10,18.819885085049
"S100A16",0.778507265442647,6.59338471070092,7.37800446077042,6.75486349267077e-13,1.38459690791989e-10,18.7898364666545
"ITGB6",0.795029580583154,4.43523673910444,7.3401127566587,8.72577358367024e-13,1.73089323732848e-10,18.5426621383214
"CD109",0.670813046392662,1.93612069640471,7.26361004973101,1.45861827408361e-12,2.71803938588833e-10,18.04673464887
"PHLDA2",0.746211914579548,4.65460424373431,7.22310212938651,1.91143395842073e-12,3.29552651074258e-10,17.785836572596
"ERO1B",-0.673629382116968,2.23209550841238,-7.214593495294,2.02282353968581e-12,3.42358244588292e-10,17.7311848687575
"CBX2",-0.633142248525376,1.75477385532092,-7.20850833118503,2.10637930644668e-12,3.49149667135279e-10,17.6921312275666
"EREG",1.03979943133267,1.30935570662419,7.20755815722842,2.11972911530525e-12,3.49149667135279e-10,17.6860355607073
"GADD45A",0.60166869734851,4.04664579807712,7.19777112772991,2.26217239219406e-12,3.69314657444212e-10,17.6232864525376
"CST6",1.07507580957064,3.23799245948382,7.19379967805641,2.32262333811994e-12,3.75857502996812e-10,17.5978433337601
"CSF2",0.649412359698659,1.33422546535432,7.17115094649914,2.69898551510644e-12,4.21956650700709e-10,17.4529611942566
"COL17A1",1.09056519035679,2.19253366879549,7.15125823439446,3.07860390034826e-12,4.7328403961354e-10,17.3260142416264
"ALOX5AP",0.709417004043603,4.23836763301593,7.11840241805245,3.82366856227393e-12,5.56065138161187e-10,17.1169684679526
"PLAU",0.950648771890275,5.19969329671405,7.11822762165905,3.82807201574538e-12,5.56065138161187e-10,17.1158584120235
"ANXA3",0.631794824624159,3.23471481619624,7.04186090993711,6.31605584642934e-12,8.62774025780588e-10,16.6330086645946
"HMGA2",0.598023835798678,0.586559724121261,7.04177791108566,6.31947958918779e-12,8.62774025780588e-10,16.6324861898882
"PMEPA1",0.61660489089029,4.30412547605756,7.02340327358161,7.12412519806452e-12,9.52361316332567e-10,16.5169422497684
"MGLL",0.606986667064138,4.1688841662704,7.00128973039648,8.22681552688479e-12,1.07637087120547e-09,16.3782142096336
"CCL13",0.897138710120632,3.32301818336101,6.97206789513628,9.9445517659773e-12,1.27400757624131e-09,16.1954416577404
"S100A6",0.750214670180281,10.2214482659372,6.95077317546125,1.14137394566641e-11,1.45214252066579e-09,16.0626449477956
"ATP6V1B1",-0.620115975003042,1.13986459551031,-6.91796046934355,1.41044743205786e-11,1.70064929585643e-09,15.8586730672479
"KLK12",-1.27913096272077,1.25461372758901,-6.89330541488147,1.65274482498392e-11,1.929736489323e-09,15.7059330550517
"COL25A1",-0.651693536843258,0.596722556261405,-6.84720973054491,2.2202776485424e-11,2.4975415890433e-09,15.4215713641952
"MT2A",0.774305936058714,6.09595998168332,6.83975733995258,2.32846726479901e-11,2.58096719916327e-09,15.3757457149567
"IVL",0.924792307629357,1.23021412518917,6.81031650435529,2.80882877244808e-11,3.0480748937719e-09,15.1951134733411
"S100A2",1.03506785725425,3.34437453929551,6.77825444647903,3.44283600209234e-11,3.69264177712788e-09,14.9991319355176
"HES6",-0.807353417569063,2.86977243612074,-6.75164655946961,4.07399027838532e-11,4.30539657441722e-09,14.8370711018041
"AKR1C1",-1.41539130299269,2.57771064902198,-6.73871042887556,4.42057627616168e-11,4.63356767855856e-09,14.7584719145679
"ASPH",0.670681940807034,4.04368886981366,6.711515101668,5.24622920148412e-11,5.3768020171655e-09,14.5936428793517
"TLR2",0.623493151330345,3.32314382477115,6.68358899650788,6.25122732456769e-11,6.33640888371564e-09,14.4249614606217
"F13A1",0.755931028549121,3.12973433489549,6.6548529345484,7.482166726773e-11,7.30322813627028e-09,14.2519991857146
"FGL1",-1.27676189852808,1.85566375372582,-6.64869638875359,7.77529590451483e-11,7.43712148013026e-09,14.2150237672651
"SYT12",0.715290309394969,1.33478516064934,6.63256643505351,8.5977464424514e-11,8.13390904463299e-09,14.1182847681165
"BMP3",0.799319226986865,1.96081912983387,6.62176077994604,9.19582871634295e-11,8.61140345985253e-09,14.0535878578588
"UCHL1",-1.20863409956623,3.38714590517423,-6.57200557813188,1.2519355697767e-10,1.12661987274344e-08,13.756825977322
"PDLIM4",0.655661362769036,2.51935865799818,6.5591977282305,1.35501132765353e-10,1.2017908159881e-08,13.6807376578322
"CAV2",0.613118590105233,3.36764723069478,6.55693246441718,1.37408818932861e-10,1.21287937400642e-08,13.6672932239805
"CAMK2N1",0.712615988585719,3.45747191723728,6.55570553094636,1.38453043670095e-10,1.21627702363139e-08,13.6600129487961
"PLAT",0.903344874896884,3.52253855704581,6.50106988512752,1.93737683610256e-10,1.66235943592652e-08,13.3369801041156
"CCL17",0.775717101751299,1.94541794461023,6.493790991719,2.02572029237535e-10,1.72214230201569e-08,13.2941152076661
"LAMB3",0.772960866265183,6.00743234604284,6.46645049172146,2.39421410490172e-10,1.98470317819225e-08,13.1334699495094
"HLA-DRB1",0.752079895462238,8.92689031787742,6.46299124611181,2.44528267277044e-10,2.00491443321196e-08,13.1131850546913
"DDIT4",0.666218478439089,5.54487297240104,6.39975244083215,3.59087527399224e-10,2.74873307280534e-08,12.743969343022
"CDH3",0.846857397675181,3.71286564957054,6.39071468819792,3.79263343002377e-10,2.87927989782216e-08,12.6914535145151
"EVA1A",0.602847209161438,3.13132280555274,6.38618900829071,3.89779385381233e-10,2.93418282131686e-08,12.665179653909
"ASCL1",-1.17869590485845,1.02451797458288,-6.33072363980672,5.44303388902114e-10,3.89198020095589e-08,12.3444560009063
"MMP28",0.896290580901118,2.47859894108001,6.32965930253461,5.47789778124691e-10,3.90178603353062e-08,12.3383247602188
"CALCA",-1.52138803790686,1.33062459044415,-6.32743856089591,5.55134660084225e-10,3.93531033475203e-08,12.3255347323098
"HLA-DRA",0.701108942495576,9.80802952757517,6.31602024628925,5.94448227564544e-10,4.09663828182764e-08,12.2598328188787
"SMKR1",-0.67330180715544,1.68128393987029,-6.31582832898946,5.95131753864813e-10,4.09663828182764e-08,12.2587293720569
"CLDN1",0.775916465640929,4.06709220471712,6.2862376311034,7.10261121335892e-10,4.7545793449185e-08,12.0889357150661
"TACSTD2",0.660447740753598,6.81999634353576,6.27244798698884,7.71099697269424e-10,5.04441390610863e-08,12.0100413358299
"AKR1C2",-1.55217800735555,2.64249161681209,-6.2654012016476,8.04128844573712e-10,5.18691221143211e-08,11.9697816509722
"ERRFI1",0.634700541456445,5.92203127631678,6.25976622701724,8.31532958582137e-10,5.32098013857255e-08,11.9376156467103
"COL8A1",0.615529053642434,3.69209231168241,6.23598391990214,9.57606000196215e-10,5.88863849720659e-08,11.80213129811
"KLK14",-0.851011896406664,0.877740642593797,-6.22559703904704,1.01836499986773e-09,6.241460969289e-08,11.7430967086006
"CD1C",0.609072270454765,1.86980720886971,6.157119219767,1.52452438750266e-09,8.84415908825445e-08,11.3560027377633
"KLK13",-0.718894567110124,0.928837990814438,-6.15467594130301,1.54652705782645e-09,8.87023174575723e-08,11.3422589494005
"G0S2",0.764778746611733,4.33528915512542,6.15448587437196,1.5482516381905e-09,8.87023174575723e-08,11.3411899917181
"EFEMP1",0.598846808934838,4.51464481942056,6.14412656890479,1.64514523549482e-09,9.33556803893873e-08,11.28297086425
"LY6E",0.685910118799602,6.89539677135614,6.14198489489282,1.66590389955563e-09,9.39834713730955e-08,11.270945171462
"GJB3",0.807003516325994,1.76366052181678,6.13465260403537,1.73893082125008e-09,9.75069780863873e-08,11.2298009021926
"CD74",0.658948741614664,9.86366441642777,6.13031303220189,1.78361548277825e-09,9.94082731912179e-08,11.2054697596873
"RDH10",-0.687513096405028,4.01017561821683,-6.12167638856475,1.8759113625497e-09,1.03303918854677e-07,11.1570896921433
"GALNT5",0.587749571170649,2.24575032154481,6.11548407401707,1.94494217769099e-09,1.06786587184653e-07,11.1224380835244
"CDA",0.954484200726871,3.0408182886936,6.09194005972237,2.23080117798964e-09,1.20685689535346e-07,10.9909628069605
"CD207",0.867662742663522,1.83114737667814,6.07221104622869,2.50161825142242e-09,1.34156550878607e-07,10.8811269007379
"F2RL1",0.594941610332235,3.16251683196766,6.0671740912619,2.57575226321566e-09,1.37120234436568e-07,10.8531341088926
"KCNK5",0.652147809772642,3.79902518243279,6.06694460515424,2.57918047211021e-09,1.37120234436568e-07,10.8518592195564
"HLA-DPA1",0.677449342980375,6.14855712822137,6.05103136284628,2.82809304502586e-09,1.48217785496128e-07,10.7635558270263
"FOXA1",-0.60029692733553,4.10537292175773,-6.04623752126924,2.90757182906544e-09,1.51522274301128e-07,10.7369936772001
"HMGB3",-0.725123123928925,5.67654556542132,-6.03128631011008,3.16972202650512e-09,1.63338078058565e-07,10.6542671032278
"S100B",0.694261862362026,2.39928308624368,6.02156560836747,3.35239811013603e-09,1.70842652861297e-07,10.6005761375398
"ITGB2",0.599575319076284,4.61442631255115,6.00634462147978,3.65927322068549e-09,1.84443367145371e-07,10.5166550979068
"TGFA",0.591264073373758,2.82265515119012,5.98385639495482,4.16343693341271e-09,2.06470657386015e-07,10.3930015134133
"STMN3",0.619063361050477,3.44139475561568,5.95202078972062,4.9947734158413e-09,2.38713937760208e-07,10.2186357507027
"BRINP1",0.639556860045706,0.861192368190136,5.91544081427945,6.15086457170503e-09,2.80999290094919e-07,10.0192785230576
"SYT8",0.628744170492259,1.202609939742,5.9020339766748,6.6368441759115e-09,2.98625613066379e-07,9.94647922698873
"COL10A1",0.768025018694851,3.45912939971621,5.89585366045295,6.87329692111121e-09,3.08512363991873e-07,9.91296826034901
"CD1A",0.73489970495445,1.6553359366594,5.89502409346547,6.90565431268601e-09,3.09212404758329e-07,9.90847249257543
"KRT19",0.673350604271603,7.94642557736731,5.89429940501779,6.9340424618118e-09,3.097317562603e-07,9.90454555416747
"FCGBP",0.724505390675589,2.15709154289106,5.88307403109896,7.38858714722609e-09,3.27655422336603e-07,9.84377104426519
"PCSK1",-0.867413916853433,0.80572291599293,-5.84829802956196,8.98906025869112e-09,3.87453700122275e-07,9.65613138874171
"MRC1",0.710632382843094,3.58136075189122,5.83376108871658,9.75409143981726e-09,4.12126667511639e-07,9.57798152144931
"AKR7A3",-0.812783999793565,1.73195791801438,-5.82994083757578,9.96544829953218e-09,4.17824068704022e-07,9.55747211451703
"FOLR2",0.609635984614473,3.55406263165294,5.81819791954835,1.06434684885648e-08,4.42231321344691e-07,9.49450227244967
"HLA-DRB5",0.811532722186291,7.27538399617191,5.80780941197346,1.12806193689378e-08,4.6451979044233e-07,9.43888743041758
"EGFR",0.619211324619914,3.48867238288826,5.80152186552693,1.16841499020893e-08,4.78998216430543e-07,9.4052691250989
"DPP4",0.856526093591816,4.04880596484375,5.77715514510654,1.33851552088949e-08,5.34479098038295e-07,9.27528481852312
"KIT",-0.77926941143733,3.05102415335281,-5.76810562036184,1.40764481220573e-08,5.56064914252063e-07,9.22713163243363
"SCEL",0.720838315138252,3.29693310387339,5.76694048593262,1.41679421568353e-08,5.58483326729269e-07,9.22093665286175
"HLA-DPB1",0.620599217287076,6.90394420045574,5.76233042625133,1.45356699883784e-08,5.69329171859033e-07,9.1964358354411
"ABCC3",0.642682159923652,4.40907912280691,5.75388559054352,1.52335511435227e-08,5.90396116587618e-07,9.15159892279293
"BIRC3",0.59140626168745,3.39034378742712,5.74972391582053,1.55893738684254e-08,6.02919851414491e-07,9.12952409718207
"RRAD",0.753803089338138,3.34634628374356,5.73706553237152,1.67221542167305e-08,6.40021371349054e-07,9.06246583702274
"BARX1",-1.00881233728278,1.60974137807908,-5.72219878018178,1.81551490975281e-08,6.79363469677888e-07,8.9838736234492
"TFPI",0.628207780039794,3.58172801788432,5.71545846088619,1.884359934841e-08,7.03697815343051e-07,8.94830007775162
"FOSL1",0.683791579068304,2.21242987417367,5.70639019502111,1.98100611754779e-08,7.33847406757463e-07,8.90049814938586
"FCER1A",0.692015808451085,1.89625407465573,5.68622869141388,2.2134944271644e-08,8.10209230006526e-07,8.7944580940822
"ODC1",-0.733483720090963,5.69796252731329,-5.67525595865663,2.3509736689418e-08,8.50407102836047e-07,8.73688483076227
"TPSAB1",0.646526175445518,2.95491992459616,5.66699696604991,2.45990017473556e-08,8.77760897940457e-07,8.69361469346833
"FGA",-1.4522294083924,2.82203002839523,-5.64280905150584,2.8079393109207e-08,9.88566114653915e-07,8.56720848479342
"LIPH",0.637286482392486,3.77306722000836,5.636974954427,2.89880563205412e-08,1.01474698861735e-06,8.53679048613907
"FXYD4",-0.710970771944488,1.03985025324254,-5.63118837525742,2.99175586882773e-08,1.03549553973985e-06,8.5066475309726
"IFI44",0.607931144897751,3.92638335729245,5.62178500440573,3.1490223558691e-08,1.08382769442301e-06,8.45772229523749
"MMP7",0.959949898784926,4.26844292714016,5.58169312937684,3.9146544129447e-08,1.3082888516305e-06,8.24993321944162
"CST2",0.586495540848168,1.58720785553978,5.54928872666483,4.6631431958293e-08,1.50922220485367e-06,8.08294385623266
"CPA3",0.700750829385757,3.23290884783846,5.51562631557009,5.58760969179481e-08,1.77418629249967e-06,7.91037966113816
"MGP",0.590053785639883,5.95433748008225,5.50672615494044,5.86040159374083e-08,1.84492642664387e-06,7.86490954450915
"HLA-DQA1",0.630087774969758,4.91561815785659,5.48851398904006,6.45953993348131e-08,1.99357123886617e-06,7.77206745327637
"SERPINA1",0.864967538242448,6.77016977069805,5.47752438450489,6.84943224223485e-08,2.08856737197932e-06,7.71617611769742
"HLA-DQB1",0.680058913705706,5.593649401244,5.45598365661177,7.6810790274448e-08,2.31159128708486e-06,7.60691102801475
"DDC",-0.665228871260789,0.950894789702606,-5.45458859046522,7.73819702434449e-08,2.32297976038509e-06,7.59984771084319
"AKR1C3",-1.0004856737683,3.64242837360031,-5.44850912009859,7.99196126337903e-08,2.38569096095172e-06,7.56908560075289
"MMP13",0.872438370448518,2.0547644190557,5.38071402578542,1.14299947022508e-07,3.23902522683751e-06,7.22810390318701
"FGFBP1",0.775725934407913,2.04253750180695,5.35474622849753,1.3095987074846e-07,3.63847544513192e-06,7.09850078650822
"SYT7",-0.651503054408348,3.10296218077643,-5.35363172618462,1.31725263087923e-07,3.65423707285113e-06,7.09295087388339
"MMP11",0.793853773421513,3.24159968454631,5.34164543811647,1.40236191984274e-07,3.87287016426031e-06,7.0333274416545
"KIF1A",-0.688260400962304,0.883582361696426,-5.31323617643818,1.62593916729406e-07,4.37887967273589e-06,6.89248632513126
"IGFBP6",0.626964708878069,2.89509768769933,5.29758084757714,1.76353904793768e-07,4.6946274684494e-06,6.81515979343885
"SHISA3",0.883389312138229,1.69162898175678,5.2960618465948,1.77747573891997e-07,4.71811114123677e-06,6.80766780100993
"ICAM1",0.587938499400345,6.06673646907302,5.24705252831292,2.28909407313166e-07,5.83965220558881e-06,6.56697384416422
"BMP6",-0.62063202043455,1.7295431854571,-5.19112253735941,3.04786725433481e-07,7.44729206728062e-06,6.29473557066134
"PRAME",-0.826773820905427,1.61608940469639,-5.15969801227349,3.5757301722318e-07,8.5006533785222e-06,6.14292377546434
"MFSD4A",0.684396289740597,2.63952504637925,5.11314185322621,4.52365114128935e-07,1.04576837411662e-05,5.91953169205701
"LDOC1",0.595114665133763,4.39834052370698,5.07946692898514,5.3564267145925e-07,1.20949033085438e-05,5.75908233045127
"AIM2",0.591768969137237,1.97456064522824,5.05295211247919,6.11465739623247e-07,1.35093652270295e-05,5.63341985915096
"DKK1",0.78691757268218,1.68350964427586,5.05033032730105,6.19503481441771e-07,1.36584750514894e-05,5.62102653438776
"CPS1",-1.09427145918816,1.57658536312232,-5.0420903773799,6.45435625889514e-07,1.41581408161828e-05,5.58211356422918
"SPRR1B",0.894772813054942,1.48922017587235,5.0303891135048,6.84071204626908e-07,1.47386990000695e-05,5.52695303882685
"ELN",0.59770168421697,3.60937375991749,5.00455815862002,7.77435044965343e-07,1.63756126706182e-05,5.40559352262983
"GPX2",-1.31274313188944,3.49759368284873,-5.00428618427013,7.78480719434745e-07,1.63756126706182e-05,5.40431872670142
"SOX9",0.65040992837522,2.72395078392552,4.97117057773801,9.16487032142104e-07,1.86156140761712e-05,5.2495672264371
"CPLX2",-0.648216391122835,0.578695249151752,-4.97099926765184,9.17258954642217e-07,1.86156140761712e-05,5.24876909643201
"FGB",-1.31633539601351,2.19532617083264,-4.96846022237505,9.28773760795094e-07,1.87873008104692e-05,5.23694265419519
"CBR1",-0.591431326743212,5.18139617698967,-4.91580453621082,1.20156394409389e-06,2.34317670619917e-05,4.99291386861995
"TXNRD1",-0.624811564035271,5.16799892237796,-4.88277202935826,1.41057248860858e-06,2.68547381525812e-05,4.8410296454869
"GJB2",0.669281680159805,3.19051144070631,4.82581167909396,1.85596341453478e-06,3.36471358910279e-05,4.58130838615501
"C19orf33",0.714647426244454,5.80174490897588,4.82067224017048,1.90223665583217e-06,3.43877129390808e-05,4.55801038138279
"SST",-0.767428899900653,0.638529277086684,-4.81948953644595,1.91304149436204e-06,3.44715721414243e-05,4.55265216707097
"BPIFA2",-0.618434279784228,1.12084746195016,-4.80021920046527,2.09764677115686e-06,3.71732830300689e-05,4.46551682692214
"TNS4",0.708735522426971,1.96013761488453,4.79536275043398,2.14681097602128e-06,3.79352192391193e-05,4.4436073702192
"TPSB2",0.592770860671044,2.89085465439779,4.74275123064717,2.75577803164874e-06,4.67696348922318e-05,4.20755024823653
"TCN1",0.910449876610452,1.81037344961374,4.68200868180831,3.66609809252452e-06,5.90674040269802e-05,3.93796720020179
"CXCL14",0.99613955196348,4.20648446413953,4.60670051275721,5.20021552265906e-06,7.94570320773712e-05,3.60815502658928
"ITPKA",0.627012266933758,2.04123580219102,4.57570339793992,5.99663929288603e-06,8.92865227402433e-05,3.47382749793017
"FGG",-1.23067283781753,3.98235729116354,-4.57194487612897,6.10081727333819e-06,9.06182585012423e-05,3.45759633933306
"TMPRSS11E",0.68694849554599,1.73328745565849,4.56813124502042,6.20829720869268e-06,9.1771367713111e-05,3.44113970846043
"ORM2",-0.640745189316177,1.85251239645687,-4.55574451440769,6.57007409129359e-06,9.65774715826169e-05,3.38777533901975
"VSIG1",0.803379473280383,1.97828664026231,4.52725406120485,7.4805527776494e-06,0.00010714381804509,3.26553850178891
"COMP",0.689053640125569,3.04723560969695,4.51074625083886,8.06223276728428e-06,0.000114585570177859,3.19503528365312
"IFI27",0.607002662289111,5.45131187059479,4.38933439282328,1.38857352457155e-05,0.000178263078505887,2.68379380330761
"ADGRF1",0.620720933497597,2.12023672863498,4.35031015562418,1.64932964008425e-05,0.000205167477139955,2.52220721135245
"IL37",0.762557420979513,1.6607595177473,4.32768407603102,1.8213066168203e-05,0.000221340345633076,2.4291317562227
"VIL1",-0.607122146319844,1.22030368662786,-4.31843449207814,1.89643507435799e-05,0.000228066716113143,2.39121179620933
"LYZ",0.635590926281989,7.35176031666169,4.31178471433866,1.95226667595569e-05,0.000233714572602404,2.36399656011629
"CST1",0.807394014469518,2.8496846558994,4.29468585112907,2.10312927328169e-05,0.000248072434996807,2.29419536615338
"MUC13",-0.879953206233411,2.14420621294611,-4.29348236355036,2.11415676744832e-05,0.000248991504469698,2.28929216214394
"SLC34A2",0.74477158934112,7.89927410601512,4.28578841249497,2.18597167422018e-05,0.00025566168995433,2.25797587809762
"AZGP1",0.87266808241491,3.16483350797,4.23733303329633,2.69467191260388e-05,0.000304977346280469,2.06194890127825
"HGD",-0.632320782639959,2.08993400042304,-4.22327587666485,2.86221604201569e-05,0.000320643725385191,2.00546798986476
"HOXB9",-0.587894967277424,1.0518318621078,-4.17886593330964,3.45924861270364e-05,0.000373194259690975,1.8281783564191
"AQP1",0.662035364001314,5.93813200177053,4.14614295197167,3.97319297683321e-05,0.000417649367730024,1.69866129140579
"ORM1",-0.647310547931115,2.30029819365678,-4.14574641048078,3.97984555864138e-05,0.000418110426342916,1.69709760518268
"CTSE",0.912815644028807,5.04138999483153,4.09790561811321,4.86511160225317e-05,0.000496139186502855,1.50947037952772
"SCGB3A1",1.11134765892604,5.37072519536223,4.08158826881267,5.20773416005473e-05,0.000524985135435462,1.44594020167712
"SLC7A2",-0.647103552864475,2.85365911455839,-4.04595830341387,6.03727918708894e-05,0.000588045018180659,1.30804146649856
"SOX2",-0.606888757993508,2.33563241259295,-4.00573784804301,7.12418256679645e-05,0.000672604503542789,1.15373543300771
"DNAJC12",-0.596115118760562,2.75253811320241,-3.94168977645904,9.24640711511814e-05,0.000830466010027748,0.910996908049079
"HHLA2",0.66522214234404,1.56226902754819,3.90238146362356,0.000108320517284784,0.000943928626768868,0.763839171199559
"KLK11",-0.669992006067969,2.17596427881672,-3.81392313965061,0.000153914044167973,0.00124699441669336,0.437753787038414
"MUC21",0.738061957161236,3.12330702799753,3.79854981587974,0.00016349095233276,0.00130509783151655,0.381801116152171
"BPIFA1",-1.15032420840131,4.10634947358291,-3.6501707786096,0.000289700895016582,0.00206267931735466,-0.147262825485735
"VSTM2L",0.589475926645341,4.40204457288275,3.64874894773494,0.000291266509643906,0.00207222698415379,-0.152236087747089
"NAPSA",0.787780265343682,7.65035050143336,3.63844111401421,0.000302856723161834,0.00213737598656829,-0.188235816083328
"GSTA1",-0.688301764107345,2.91421881633849,-3.62280178983033,0.00032127184130255,0.00224246043448712,-0.242671300162281
"GGTLC1",0.601664891170159,2.53827477050651,3.60495282123935,0.000343571683196666,0.00236412174994856,-0.304526236437558
"SCGB1A1",1.07743875201149,4.60334503525289,3.57296672305945,0.000387208746810267,0.0026079689525943,-0.414647837938123
"KRT6A",0.729124324551024,1.98208837816259,3.50918501996872,0.000490160470366313,0.00314849594614127,-0.631452352136483
"S100P",-0.894601530280931,5.33269574042177,-3.45553270972065,0.000596045454200319,0.00365918354046172,-0.810948737228698
"AQP5",0.767015578257201,3.23126550906202,3.3937312740794,0.000744341570265708,0.00437730739185903,-1.01444245503243
"MMP1",0.643707935720168,4.01139522055304,3.34636650678949,0.000880533226606316,0.00503692308974677,-1.16802844272396
"NTS",-0.585672911397356,0.914609514970317,-3.32757316503884,0.000940729046045621,0.00531696367691471,-1.22839673413162
"CEACAM6",0.602161387129901,8.30440085843761,3.2211265141949,0.00136019871974847,0.0071185662360056,-1.5641855654056
"CRABP2",0.646559020939251,6.09436550990262,3.17720215846639,0.00157917054580936,0.00804099868316065,-1.6996968258605
"MSMB",-0.793136743715792,3.20706333434467,-3.04676364312126,0.00243568749415801,0.0112349600128732,-2.09157506723418
"C16orf89",0.639219263598267,5.38314523489186,3.03017156719945,0.00257096843812524,0.0116849533743618,-2.14028976990178
"PIGR",0.711196193029586,5.8149164768363,2.99361198539815,0.00289370082252771,0.0128274396481863,-2.24672488716488
"TFPI2",0.592295374009062,3.65714971464211,2.69036472364175,0.00737666261631999,0.026857049920243,-3.08138629774931
"TFF3",-0.612913172122337,4.42581275427875,-2.58484046363725,0.0100251272961023,0.0341476270972112,-3.35156265478446
"AKR1B10",-0.614390064411775,2.16915349437781,-2.54556954441058,0.0112096727354382,0.0372404182646073,-3.44942374126709
